first_name,email,school_name,school_code,student_completion
"Guru Besar",tbc0063@moe.edu.my,"SEKOLAH JENIS KEBANGSAAN (CINA) CHUNG HWA",TBC0063,0/0
"Guru Besar",tba0067@moe.edu.my,"SEKOLAH KEBANGSAAN (FELDA) SELASIH",TBA0067,0/19
"Guru Besar",tba0003@moe.edu.my,"SEKOLAH KEBANGSAAN ALOR LINTAH",TBA0003,0/0
"Guru Besar",tba0078@moe.edu.my,"SEKOLAH KEBANGSAAN ANAK IKAN",TBA0078,0/36
"Guru Besar",tba0026@moe.edu.my,"SEKOLAH KEBANGSAAN APAL",TBA0026,0/0
"Guru Besar",tba0045@moe.edu.my,"SEKOLAH KEBANGSAAN AYER TERJUN",TBA0045,23/27
"Guru Besar",tba0031@moe.edu.my,"SEKOLAH KEBANGSAAN BUKIT JEROK",TBA0031,15/21
"Guru Besar",tba0024@moe.edu.my,"SEKOLAH KEBANGSAAN BUKIT KENAK",TBA0024,0/0
"Guru Besar",tba0027@moe.edu.my,"SEKOLAH KEBANGSAAN JABI",TBA0027,76/79
"Guru Besar",tba0033@moe.edu.my,"SEKOLAH KEBANGSAAN KAMPUNG BARU TOK DOR",TBA0033,0/0
"Guru Besar",tba0004@moe.edu.my,"SEKOLAH KEBANGSAAN KERANDANG",TBA0004,0/0
"Guru Besar",tba0072@moe.edu.my,"SEKOLAH KEBANGSAAN LUBUK KAWAH",TBA0072,0/51
"Guru Besar",tba0080@moe.edu.my,"SEKOLAH KEBANGSAAN NYIUR TUJUH",TBA0080,0/0
"Guru Besar",tba0029@moe.edu.my,"SEKOLAH KEBANGSAAN OH",TBA0029,0/0
"Guru Besar",tba0079@moe.edu.my,"SEKOLAH KEBANGSAAN PADANG LANDAK",TBA0079,0/0
"Guru Besar",tba0043@moe.edu.my,"SEKOLAH KEBANGSAAN PADANG LUAS",TBA0043,0/0
"Guru Besar",tba0077@moe.edu.my,"SEKOLAH KEBANGSAAN PELAGAT",TBA0077,54/65
"Guru Besar",tba0023@moe.edu.my,"SEKOLAH KEBANGSAAN PUSAT JERTEH",TBA0023,0/0
"Guru Besar",tba0028@moe.edu.my,"SEKOLAH KEBANGSAAN RENEK",TBA0028,0/0
"Guru Besar",tba0025@moe.edu.my,"SEKOLAH KEBANGSAAN TANAH MERAH",TBA0025,0/0
"Guru Besar",tba0032@moe.edu.my,"SEKOLAH KEBANGSAAN TOK DOR",TBA0032,0/0
"Guru Besar",tba0046@moe.edu.my,"SEKOLAH KEBANGSAAN TOK MOTONG",TBA0046,0/0
"Guru Besar",tba0019@moe.edu.my,"SEKOLAH KEBANGSAAN TOK RAJA",TBA0019,0/0
Pengetua,tea7011@moe.edu.my,"SEKOLAH SUKAN MALAYSIA TERENGGANU",TEA7011,0/0
"Guru Besar",tba5046@moe.edu.my,"SEKOLAH KEBANGSAAN SG BERUA",TBA5046,0/0
"Guru Besar",tba2046@moe.edu.my,"SEKOLAH KEBANGSAAN SUNGAI PERGAM",TBA2046,0/0
"Guru Besar",tba0068@moe.edu.my,"SEKOLAH KEBANGSAAN PENDIDIKAN KHAS BESUT",TBA0068,0/0
Pengetua,tea6083@moe.edu.my,"SEKOLAH MENENGAH KEBANGSAAN CHALOK",TEA6083,0/0
Pengetua,tha0001@moe.edu.my,"KOLEJ VOKASIONAL BESUT",THA0001,0/0
"Guru Besar",tba0018@moe.edu.my,"SEKOLAH KEBANGSAAN ALOR PEROI",TBA0018,0/0
"Guru Besar",tba0002@moe.edu.my,"SEKOLAH KEBANGSAAN AMER",TBA0002,0/0
"Guru Besar",tba0012@moe.edu.my,"SEKOLAH KEBANGSAAN BETING LINTANG",TBA0012,0/0
Pengetua,tft0002@moe.edu.my,"SMA ITTIFAKIAH",TFT0002,0/0
"Guru Besar",tba0015@moe.edu.my,"SEKOLAH KEBANGSAAN BUKIT TEMPURONG",TBA0015,0/0
"Guru Besar",tba0013@moe.edu.my,"SEKOLAH KEBANGSAAN GONG BAYOR",TBA0013,0/0
"Guru Besar",tba0001@moe.edu.my,"SEKOLAH KEBANGSAAN KAMPONG RAJA",TBA0001,0/0
"Guru Besar",tba0017@moe.edu.my,"SEKOLAH KEBANGSAAN KAMPUNG BAHARU",TBA0017,0/0
"Guru Besar",tba0074@moe.edu.my,"SEKOLAH KEBANGSAAN KAMPUNG NAIL",TBA0074,0/0
"Guru Besar",tba0007@moe.edu.my,"SEKOLAH KEBANGSAAN KAMPUNG NANGKA",TBA0007,0/0
"Guru Besar",tba0014@moe.edu.my,"SEKOLAH KEBANGSAAN KELUANG",TBA0014,0/0
"Guru Besar",tba0069@moe.edu.my,"SEKOLAH KEBANGSAAN KUALA BESUT 2",TBA0069,0/0
Pengetua,tft0001@moe.edu.my,"SEKOLAH MENENGAH IMTIAZ YAYASAN TERENGGANU-BESUT",TFT0001,0/0
"Guru Besar",tba0022@moe.edu.my,"SEKOLAH KEBANGSAAN PENGKALAN NYIREH",TBA0022,0/0
"Guru Besar",tba0076@moe.edu.my,"SEKOLAH KEBANGSAAN PERMAISURI NUR ZAHIRAH",TBA0076,0/0
"Guru Besar",tba0008@moe.edu.my,"SEKOLAH KEBANGSAAN PULAU PERHENTIAN",TBA0008,0/0
"Guru Besar",tba0006@moe.edu.my,"SEKOLAH KEBANGSAAN TEMBILA",TBA0006,0/0
Pengetua,tft0003@moe.edu.my,"SMA MAARIF",TFT0003,0/0
"Guru Besar",tba0070@moe.edu.my,"SEKOLAH KEBANGSAAN TENGKU MAHMUD 2",TBA0070,0/0
Pengetua,tft1001@moe.edu.my,"SEKOLAH MENENGAH AGAMA SULTAN ISMAIL",TFT1001,0/0
Pengetua,tft1002@moe.edu.my,"SEKOLAH MENENGAH IMTIAZ YAYASAN TERENGGANU-DUNGUN",TFT1002,0/0
Pengetua,tft5001@moe.edu.my,"SEKOLAH MENENGAH IMTIAZ YAYASAN TERENGGANU-KUALA BERANG",TFT5001,0/43
Pengetua,tft5002@moe.edu.my,"SMA MAHMUDIAH",TFT5002,0/0
Pengetua,tft2001@moe.edu.my,"SMA AL FALAH",TFT2001,0/0
Pengetua,tft2002@moe.edu.my,"SEKOLAH MENENGAH AGAMA IMTIAZ KEMAMAN",TFT2002,0/0
Pengetua,tft3002@moe.edu.my,"SMA (ATAS) SULTAN ZAINAL ABIDIN",TFT3002,0/0
Pengetua,tft3001@moe.edu.my,"SMA KHAIRIAH",TFT3001,0/0
Pengetua,tft3003@moe.edu.my,"SMA SULTAN ZAINAL ABIDIN LADANG",TFT3003,0/0
Pengetua,tft3004@moe.edu.my,"SM IMTIAZ YT - KUALA TERENGGANU",TFT3004,0/0
"Guru Besar",tba0051@moe.edu.my,"SEKOLAH KEBANGSAAN (FELDA) TENANG",TBA0051,0/0
"Guru Besar",tba0073@moe.edu.my,"SEKOLAH KEBANGSAAN ALOR KELADI",TBA0073,0/0
"Guru Besar",tba0048@moe.edu.my,"SEKOLAH KEBANGSAAN DARAU",TBA0048,3/26
"Guru Besar",tba0053@moe.edu.my,"SEKOLAH KEBANGSAAN KAMPUNG LA",TBA0053,0/0
"Guru Besar",tba0054@moe.edu.my,"SEKOLAH KEBANGSAAN KERUAK",TBA0054,0/0
"Guru Besar",tba0052@moe.edu.my,"SEKOLAH KEBANGSAAN PANCHOR",TBA0052,0/0
"Guru Besar",tba0049@moe.edu.my,"SEKOLAH KEBANGSAAN PASIR AKAR",TBA0049,0/0
"Guru Besar",tba0050@moe.edu.my,"SEKOLAH KEBANGSAAN SERI PAYONG",TBA0050,0/0
Pengetua,tft4001@moe.edu.my,"SEKOLAH MENENGAH AGAMA MARANG",TFT4001,0/0
Pengetua,tft6001@moe.edu.my,"SEKOLAH MENENGAH AGAMA SETIU",TFT6001,0/0
Pengetua,tea1038@moe.edu.my,"SEKOLAH MENENGAH SAINS DUNGUN",TEA1038,0/0
"Guru Besar",tba1005@moe.edu.my,"SEKOLAH KEBANGSAAN BUKIT BESI",TBA1005,0/0
"Guru Besar",tba1017@moe.edu.my,"SEKOLAH KEBANGSAAN DENDANG",TBA1017,0/0
"Guru Besar",tba1002@moe.edu.my,"SEKOLAH KEBANGSAAN DURIAN MAS 1",TBA1002,0/0
"Guru Besar",tba1033@moe.edu.my,"SEKOLAH KEBANGSAAN DURIAN MAS 2",TBA1033,0/0
"Guru Besar",tba1016@moe.edu.my,"SEKOLAH KEBANGSAAN JERANGAU",TBA1016,0/0
"Guru Besar",tba1021@moe.edu.my,"SEKOLAH KEBANGSAAN JONGOK BATU",TBA1021,10/12
"Guru Besar",tba1023@moe.edu.my,"SEKOLAH KEBANGSAAN KAMPUNG SHUKOR",TBA1023,0/0
"Guru Besar",tba1015@moe.edu.my,"SEKOLAH KEBANGSAAN KAMPUNG WA",TBA1015,0/0
"Guru Besar",tba1020@moe.edu.my,"SEKOLAH KEBANGSAAN KUALA JENGAL",TBA1020,0/0
"Guru Besar",tba1030@moe.edu.my,"SEKOLAH KEBANGSAAN LADANG GAJAH MATI",TBA1030,0/0
"Guru Besar",tba1028@moe.edu.my,"SEKOLAH KEBANGSAAN LINTANG",TBA1028,0/0
"Guru Besar",tba1038@moe.edu.my,"SEKOLAH KEBANGSAAN LKTP JERANGAU",TBA1038,0/0
"Guru Besar",tba1019@moe.edu.my,"SEKOLAH KEBANGSAAN MINDA TALONG",TBA1019,0/0
"Guru Besar",tba1022@moe.edu.my,"SEKOLAH KEBANGSAAN PASIR RAJA",TBA1022,0/0
"Guru Besar",tba1018@moe.edu.my,"SEKOLAH KEBANGSAAN TEPUS",TBA1018,0/0
Pengetua,tea5045@moe.edu.my,"SEKOLAH MENENGAH SAINS HULU TERENGGANU",TEA5045,0/0
Pengetua,tra7002@moe.edu.my,"SEKOLAH BERASRAMA PENUH INTEGRASI BATU RAKIT",TRA7002,0/0
Pengetua,tee7001@moe.edu.my,"SEKOLAH MENENGAH SAINS SULTAN MAHMUD",TEE7001,0/0
Pengetua,tea3122@moe.edu.my,"SM SAINS KUALA TERENGGANU",TEA3122,0/0
"Guru Besar",tbc1034@moe.edu.my,"SEKOLAH JENIS KEBANGSAAN (CINA) CHEE MONG",TBC1034,0/0
"Guru Besar",tba1029@moe.edu.my,"SEKOLAH KEBANGSAAN (FELDA) KERTEH 1",TBA1029,0/0
"Guru Besar",tba1027@moe.edu.my,"SEKOLAH KEBANGSAAN DURIAN MENTANGAU",TBA1027,0/0
"Guru Besar",tba1037@moe.edu.my,"SEKOLAH KEBANGSAAN FELDA SERI RASAU",TBA1037,0/0
"Guru Besar",tba1007@moe.edu.my,"SEKOLAH KEBANGSAAN KAMPUNG NYIOR",TBA1007,0/0
"Guru Besar",tba1042@moe.edu.my,"SEKOLAH KEBANGSAAN KETENGAH JAYA II",TBA1042,18/38
"Guru Besar",tba1008@moe.edu.my,"SEKOLAH KEBANGSAAN PAKA",TBA1008,0/0
"Guru Besar",tba1040@moe.edu.my,"SEKOLAH KEBANGSAAN PAKA II",TBA1040,0/0
"Guru Besar",tba1044@moe.edu.my,"SEKOLAH KEBANGSAAN PAKA III",TBA1044,0/0
"Guru Besar",tba1024@moe.edu.my,"SEKOLAH KEBANGSAAN SANTONG",TBA1024,0/0
"Guru Besar",tba1034@moe.edu.my,"SEKOLAH KEBANGSAAN SERI PAKA",TBA1034,0/0
"Guru Besar",tba1006@moe.edu.my,"SEKOLAH KEBANGSAAN TEBING TEMBAH",TBA1006,0/0
Pengetua,tke7001@moe.edu.my,"SEKOLAH MENENGAH TEKNIK KUALA TERENGGANU",TKE7001,0/0
Pengetua,tea0077@moe.edu.my,"SEKOLAH MENENGAH KEBANGSAAN JABI",TEA0077,0/0
Pengetua,tea0071@moe.edu.my,"SEKOLAH MENENGAH KEBANGSAAN PELAGAT",TEA0071,0/0
Pengetua,tea0070@moe.edu.my,"SEKOLAH MENENGAH KEBANGSAAN RENEK",TEA0070,0/0
"Guru Besar",tba1013@moe.edu.my,"SEKOLAH KEBANGSAAN DELONG",TBA1013,0/0
"Guru Besar",tba1031@moe.edu.my,"SEKOLAH KEBANGSAAN KAMPUNG BARU KUALA ABANG",TBA1031,0/0
"Guru Besar",tba1043@moe.edu.my,"SEKOLAH KEBANGSAAN KOMPLEKS RANTAU ABANG",TBA1043,0/0
"Guru Besar",tba1011@moe.edu.my,"SEKOLAH KEBANGSAAN KUALA ABANG",TBA1011,0/0
"Guru Besar",tba1014@moe.edu.my,"SEKOLAH KEBANGSAAN PADANG PULUT",TBA1014,0/0
"Guru Besar",tba1012@moe.edu.my,"SEKOLAH KEBANGSAAN PULAU SERAI",TBA1012,0/0
"Guru Besar",tba1010@moe.edu.my,"SEKOLAH KEBANGSAAN SEBERANG DUNGUN",TBA1010,0/0
"Guru Besar",tba1032@moe.edu.my,"SEKOLAH KEBANGSAAN SERDANG",TBA1032,0/0
"Guru Besar",tba1039@moe.edu.my,"SEKOLAH KEBANGSAAN TANJUNG PATI",TBA1039,0/0
"Guru Besar",tba1026@moe.edu.my,"SEKOLAH KEBANGSAAN TOK KAH",TBA1026,0/0
Pengetua,tea0078@moe.edu.my,"SEKOLAH MENENGAH KEBANGSAAN TOK DOR",TEA0078,0/0
Pengetua,tea0079@moe.edu.my,"SEKOLAH MENENGAH KEBANGSAAN ALOR PEROI",TEA0079,0/0
Pengetua,tea0058@moe.edu.my,"SEKOLAH MENENGAH KEBANGSAAN KUALA BESUT",TEA0058,0/0
Pengetua,tea0060@moe.edu.my,"SEKOLAH MENENGAH KEBANGSAAN NASIRUDDIN SHAH",TEA0060,39/42
Pengetua,tha1001@moe.edu.my,"KOLEJ VOKASIONAL DUNGUN",THA1001,0/0
Pengetua,tea0074@moe.edu.my,"SEKOLAH MENENGAH KEBANGSAAN PERMAISURI NUR ZAHIRAH",TEA0074,0/0
"Guru Besar",tbc1032@moe.edu.my,"SEKOLAH JENIS KEBANGSAAN (CINA) KWANG HWA",TBC1032,0/0
"Guru Besar",tbc1033@moe.edu.my,"SEKOLAH JENIS KEBANGSAAN (CINA) SIN CHONE",TBC1033,0/0
"Guru Besar",tba1035@moe.edu.my,"SEKOLAH KEBANGSAAN BALAI BESAR",TBA1035,0/0
"Guru Besar",tba1004@moe.edu.my,"SEKOLAH KEBANGSAAN BANDAR DUNGUN",TBA1004,0/0
"Guru Besar",tba1025@moe.edu.my,"SEKOLAH KEBANGSAAN BATU 48",TBA1025,0/0
"Guru Besar",tba1041@moe.edu.my,"SEKOLAH KEBANGSAAN BATU 7",TBA1041,0/0
"Guru Besar",tba1045@moe.edu.my,"SEKOLAH KEBANGSAAN GONG PASIR",TBA1045,0/0
"Guru Besar",tba1001@moe.edu.my,"SEKOLAH KEBANGSAAN KUALA DUNGUN",TBA1001,0/0
"Guru Besar",tba1003@moe.edu.my,"SEKOLAH KEBANGSAAN PUSAT DUNGUN",TBA1003,0/0
Pengetua,tea0076@moe.edu.my,"SEKOLAH MENENGAH KEBANGSAAN SERI BUKIT PUTERI",TEA0076,20/54
"Guru Besar",tba1009@moe.edu.my,"SEKOLAH KEBANGSAAN SURA",TBA1009,0/0
Pengetua,tea0075@moe.edu.my,"SEKOLAH MENENGAH KEBANGSAAN TEMBILA",TEA0075,0/0
Pengetua,teb0062@moe.edu.my,"SEKOLAH MENENGAH KEBANGSAAN TENGKU MAHMUD",TEB0062,0/0
Pengetua,tea0072@moe.edu.my,"SEKOLAH MENENGAH KEBANGSAAN TENGKU MAHMUD 2",TEA0072,0/0
Pengetua,tea0069@moe.edu.my,"SEKOLAH MENENGAH KEBANGSAAN BUKIT PAYONG",TEA0069,0/0
Pengetua,tea0073@moe.edu.my,"SEKOLAH MENENGAH KEBANGSAAN PUTRA",TEA0073,53/80
Pengetua,tea1042@moe.edu.my,"SEKOLAH MENENGAH KEBANGSAAN BUKIT BESI",TEA1042,0/0
Pengetua,tea1032@moe.edu.my,"SEKOLAH MENENGAH KEBANGSAAN DURIAN MAS",TEA1032,0/0
Pengetua,tea1035@moe.edu.my,"SEKOLAH MENENGAH KEBANGSAAN JERANGAU",TEA1035,0/0
"Guru Besar",tba5035@moe.edu.my,"SEKOLAH KEBANGSAAN CHETING",TBA5035,0/0
"Guru Besar",tba5008@moe.edu.my,"SEKOLAH KEBANGSAAN DUSUN",TBA5008,0/0
"Guru Besar",tba5001@moe.edu.my,"SEKOLAH KEBANGSAAN KUALA BERANG",TBA5001,0/30
"Guru Besar",tba5024@moe.edu.my,"SEKOLAH KEBANGSAAN KUALA DURA",TBA5024,18/19
"Guru Besar",tba5009@moe.edu.my,"SEKOLAH KEBANGSAAN LANGGAR",TBA5009,21/29
"Guru Besar",tba5029@moe.edu.my,"SEKOLAH KEBANGSAAN LEREK",TBA5029,0/9
"Guru Besar",tba5019@moe.edu.my,"SEKOLAH KEBANGSAAN PADANG SETAR",TBA5019,0/20
"Guru Besar",tba5048@moe.edu.my,"SEKOLAH KEBANGSAAN PASIR TINGGI",TBA5048,15/36
"Guru Besar",tba5006@moe.edu.my,"SEKOLAH KEBANGSAAN PAUH",TBA5006,0/0
"Guru Besar",tba5049@moe.edu.my,"SEKOLAH KEBANGSAAN SERI BERANG",TBA5049,35/56
Pengetua,tea1039@moe.edu.my,"SEKOLAH MENENGAH KEBANGSAAN KUALA JENGAL",TEA1039,0/0
"Guru Besar",tba5004@moe.edu.my,"SEKOLAH KEBANGSAAN TANGGOL",TBA5004,0/0
"Guru Besar",tba5032@moe.edu.my,"SEKOLAH KEBANGSAAN TAPAH",TBA5032,14/17
"Guru Besar",tba5017@moe.edu.my,"SEKOLAH KEBANGSAAN TAPU",TBA5017,0/0
"Guru Besar",tba5002@moe.edu.my,"SEKOLAH KEBANGSAAN TELAGA",TBA5002,48/57
Pengetua,tea1045@moe.edu.my,"SEKOLAH MENENGAH KEBANGSAAN DATO ENGKU BIJAYA SURA",TEA1045,0/0
Pengetua,tea1037@moe.edu.my,"SEKOLAH MENENGAH KEBANGSAAN KETENGAH JAYA",TEA1037,0/0
Pengetua,tea1030@moe.edu.my,"SEKOLAH MENENGAH KEBANGSAAN PAKA",TEA1030,0/0
Pengetua,tea1040@moe.edu.my,"SEKOLAH MENENGAH KEBANGSAAN SERI PAKA",TEA1040,0/0
Pengetua,tea1036@moe.edu.my,"SEKOLAH MENENGAH KEBANGSAAN SERI RASAU",TEA1036,0/0
Pengetua,tea1041@moe.edu.my,"SEKOLAH MENENGAH KEBANGSAAN TEJA PUTRA",TEA1041,0/0
Pengetua,tea1044@moe.edu.my,"SEKOLAH MENENGAH KEBANGSAAN KOMPLEKS RANTAU ABANG",TEA1044,0/0
Pengetua,tea1027@moe.edu.my,"SEKOLAH MENENGAH KEBANGSAAN PADANG PULUT",TEA1027,0/0
Pengetua,tea1031@moe.edu.my,"SEKOLAH MENENGAH KEBANGSAAN PULAU SERAI",TEA1031,0/0
"Guru Besar",tba5053@moe.edu.my,"SEKOLAH KEBANGSAAN AJIL",TBA5053,0/0
"Guru Besar",tba5034@moe.edu.my,"SEKOLAH KEBANGSAAN BETONG",TBA5034,0/0
"Guru Besar",tba5003@moe.edu.my,"SEKOLAH KEBANGSAAN BUKIT PERAH",TBA5003,0/0
"Guru Besar",tba5044@moe.edu.my,"SEKOLAH KEBANGSAAN FELDA MENGKAWANG",TBA5044,0/0
"Guru Besar",tba5045@moe.edu.my,"SEKOLAH KEBANGSAAN FELDA TERSAT",TBA5045,0/0
"Guru Besar",tba5020@moe.edu.my,"SEKOLAH KEBANGSAAN KUA",TBA5020,22/29
"Guru Besar",tba5041@moe.edu.my,"SEKOLAH KEBANGSAAN LKTP BUKIT BADING",TBA5041,0/0
"Guru Besar",tba5028@moe.edu.my,"SEKOLAH KEBANGSAAN LUBUK PERIOK",TBA5028,0/0
"Guru Besar",tba5030@moe.edu.my,"SEKOLAH KEBANGSAAN PEREH",TBA5030,0/0
"Guru Besar",tba5022@moe.edu.my,"SEKOLAH KEBANGSAAN PEROH",TBA5022,0/0
"Guru Besar",tba5050@moe.edu.my,"SEKOLAH KEBANGSAAN TOK RANDOK",TBA5050,0/0
Pengetua,tea1046@moe.edu.my,"SEKOLAH MENENGAH KEBANGSAAN KOMPLEKS PADANG JAMBU",TEA1046,0/0
Pengetua,tea1043@moe.edu.my,"SEKOLAH MENENGAH KEBANGSAAN BALAI BESAR",TEA1043,0/0
Pengetua,tea1033@moe.edu.my,"SEKOLAH MENENGAH KEBANGSAAN SERI DUNGUN",TEA1033,0/0
Pengetua,teb1031@moe.edu.my,"SEKOLAH MENENGAH KEBANGSAAN SULTAN OMAR",TEB1031,0/0
"Guru Besar",tba5043@moe.edu.my,"SEKOLAH KEBANGSAAN BINJAI KERTAS",TBA5043,24/30
"Guru Besar",tba5025@moe.edu.my,"SEKOLAH KEBANGSAAN BUKIT TADOK",TBA5025,0/17
"Guru Besar",tba5033@moe.edu.my,"SEKOLAH KEBANGSAAN KUALA JENDERIS",TBA5033,0/0
"Guru Besar",tba5016@moe.edu.my,"SEKOLAH KEBANGSAAN KUALA PING",TBA5016,0/0
"Guru Besar",tba5047@moe.edu.my,"SEKOLAH KEBANGSAAN KUALA TELEMONG",TBA5047,34/40
"Guru Besar",tba5012@moe.edu.my,"SEKOLAH KEBANGSAAN MATANG",TBA5012,15/16
"Guru Besar",tba5018@moe.edu.my,"SEKOLAH KEBANGSAAN PADANG SETEBU",TBA5018,0/0
"Guru Besar",tba5015@moe.edu.my,"SEKOLAH KEBANGSAAN SG BULOH",TBA5015,0/0
"Guru Besar",tba5013@moe.edu.my,"SEKOLAH KEBANGSAAN TENGKAWANG",TBA5013,0/0
"Guru Besar",tba5031@moe.edu.my,"SEKOLAH KEBANGSAAN TERIS",TBA5031,0/15
Pengetua,tea1034@moe.edu.my,"SEKOLAH MENENGAH KEBANGSAAN SURA",TEA1034,0/0
Pengetua,tea1029@moe.edu.my,"SEKOLAH MENENGAH KEBANGSAAN TENGKU INTAN ZAHARAH",TEA1029,0/0
Pengetua,tea5041@moe.edu.my,"SEKOLAH MENENGAH KEBANGSAAN JENAGOR",TEA5041,0/0
Pengetua,tha2002@moe.edu.my,"KOLEJ VOKASIONAL KEMAMAN",THA2002,0/0
"Guru Besar",tba2056@moe.edu.my,"SEKOLAH KEBANGSAAN SERI JAYA",TBA2056,0/140
"Guru Besar",tbc2027@moe.edu.my,"SEKOLAH JENIS KEBANGSAAN (CINA) CHUKAI",TBC2027,22/44
"Guru Besar",tbc2028@moe.edu.my,"SEKOLAH JENIS KEBANGSAAN (CINA) KUALA KEMAMAN",TBC2028,0/0
"Guru Besar",tba2011@moe.edu.my,"SEKOLAH KEBANGSAAN BUKIT KUANG",TBA2011,0/0
"Guru Besar",tba2004@moe.edu.my,"SEKOLAH KEBANGSAAN BUKIT MENTOK",TBA2004,0/0
"Guru Besar",tba2050@moe.edu.my,"SEKOLAH KEBANGSAAN BANDAR BAHARU",TBA2050,0/0
"Guru Besar",tba2010@moe.edu.my,"SEKOLAH KEBANGSAAN IBOK",TBA2010,0/0
"Guru Besar",tba2045@moe.edu.my,"SEKOLAH KEBANGSAAN KUALA KEMAMAN",TBA2045,14/15
"Guru Besar",tba2051@moe.edu.my,"SEKOLAH KEBANGSAAN MAK LAGAM",TBA2051,0/40
"Guru Besar",tba2006@moe.edu.my,"SEKOLAH KEBANGSAAN PASIR GAJAH",TBA2006,0/0
"Guru Besar",tba2002@moe.edu.my,"SEKOLAH KEBANGSAAN PUSAT",TBA2002,0/0
"Guru Besar",tba2003@moe.edu.my,"SEKOLAH KEBANGSAAN SERI GELIGA",TBA2003,0/0
"Guru Besar",tba2044@moe.edu.my,"SEKOLAH KEBANGSAAN SERI IMAN",TBA2044,0/0
"Guru Besar",tba2041@moe.edu.my,"SEKOLAH KEBANGSAAN SERI KEMAMAN",TBA2041,0/64
Pengetua,tea5039@moe.edu.my,"SEKOLAH MENENGAH KEBANGSAAN SERI BERANG",TEA5039,0/0
"Guru Besar",tba2012@moe.edu.my,"SEKOLAH KEBANGSAAN TELOK KALONG",TBA2012,0/0
Pengetua,tea5046@moe.edu.my,"SEKOLAH MENENGAH KEBANGSAAN TAPU",TEA5046,0/0
Pengetua,tee5036@moe.edu.my,"SMK TENGKU AMPUAN INTAN",TEE5036,29/39
Pengetua,tea5043@moe.edu.my,"SEKOLAH MENENGAH KEBANGSAAN TUN INDERA",TEA5043,7/19
Pengetua,tea5037@moe.edu.my,"SEKOLAH MENENGAH KEBANGSAAN LANDAS",TEA5037,0/0
Pengetua,tea5038@moe.edu.my,"SEKOLAH MENENGAH KEBANGSAAN MENERONG",TEA5038,0/0
Pengetua,tea5040@moe.edu.my,"SEKOLAH MENENGAH KEBANGSAAN KUALA TELEMONG",TEA5040,34/43
Pengetua,tea5035@moe.edu.my,"SEKOLAH MENENGAH KEBANGSAAN MATANG",TEA5035,21/37
"Guru Besar",tbc2029@moe.edu.my,"SEKOLAH JENIS KEBANGSAAN (CINA) JABOR",TBC2029,0/0
"Guru Besar",tba2040@moe.edu.my,"SEKOLAH KEBANGSAAN (FELDA) CHERUL",TBA2040,0/0
"Guru Besar",tba2009@moe.edu.my,"SEKOLAH KEBANGSAAN AYER PUTEH",TBA2009,0/0
"Guru Besar",tba2023@moe.edu.my,"SEKOLAH KEBANGSAAN CHENEH BARU",TBA2023,15/40
"Guru Besar",tba2043@moe.edu.my,"SEKOLAH KEBANGSAAN CHENEH BARU 2",TBA2043,0/36
"Guru Besar",tba2035@moe.edu.my,"SEKOLAH KEBANGSAAN FELDA NERAM SATU",TBA2035,0/0
"Guru Besar",tba2038@moe.edu.my,"SEKOLAH KEBANGSAAN KAMPONG BAHARU FELDA NERAM I",TBA2038,0/0
"Guru Besar",tba2039@moe.edu.my,"SEKOLAH KEBANGSAAN LEMBAH JABOR",TBA2039,0/0
"Guru Besar",tba2008@moe.edu.my,"SEKOLAH KEBANGSAAN RKT SEBERANG TAYOR",TBA2008,0/0
"Guru Besar",tba2007@moe.edu.my,"SEKOLAH KEBANGSAAN SEBERANG TAYOR",TBA2007,0/0
Pengetua,tea2035@moe.edu.my,"SEKOLAH MENENGAH KEBANGSAAN BINJAI",TEA2035,0/80
Pengetua,tea2039@moe.edu.my,"SEKOLAH MENENGAH KEBANGSAAN BUKIT KUANG",TEA2039,0/86
Pengetua,tea2033@moe.edu.my,"SEKOLAH MENENGAH KEBANGSAAN BUKIT MENTOK",TEA2033,15/44
Pengetua,tea2028@moe.edu.my,"SEKOLAH MENENGAH KEBANGSAAN GELIGA",TEA2028,82/103
Pengetua,tea2032@moe.edu.my,"SEKOLAH MENENGAH KEBANGSAAN MAK LAGAM",TEA2032,0/0
"Guru Besar",tbc2026@moe.edu.my,"SEKOLAH JENIS KEBANGSAAN (CINA) LOK KHOON",TBC2026,0/0
"Guru Besar",tba2016@moe.edu.my,"SEKOLAH KEBANGSAAN AYER JERNEH",TBA2016,0/43
"Guru Besar",tba2053@moe.edu.my,"SEKOLAH KEBANGSAAN BUKIT ANAK DARA",TBA2053,0/0
"Guru Besar",tba2015@moe.edu.my,"SEKOLAH KEBANGSAAN KEMASEK",TBA2015,0/0
"Guru Besar",tba2048@moe.edu.my,"SEKOLAH KEBANGSAAN KETENGAH JAYA",TBA2048,0/0
"Guru Besar",tba2052@moe.edu.my,"SEKOLAH KEBANGSAAN KG BARU KERTEH",TBA2052,0/0
"Guru Besar",tba2019@moe.edu.my,"SEKOLAH KEBANGSAAN KG CHABANG",TBA2019,1/32
"Guru Besar",tba2049@moe.edu.my,"SEKOLAH KEBANGSAAN KG. BARU RASAU KERTEH 5",TBA2049,0/33
"Guru Besar",tba2013@moe.edu.my,"SEKOLAH KEBANGSAAN KIJAL",TBA2013,33/40
"Guru Besar",tba2014@moe.edu.my,"SEKOLAH KEBANGSAAN MERAGA BERIS",TBA2014,1/40
"Guru Besar",tba2021@moe.edu.my,"SEKOLAH KEBANGSAAN PADANG KUBU",TBA2021,41/47
"Guru Besar",tba2042@moe.edu.my,"SEKOLAH KEBANGSAAN PAYOH",TBA2042,23/31
"Guru Besar",tba2018@moe.edu.my,"SEKOLAH KEBANGSAAN PENGKALAN RANGGON",TBA2018,0/50
"Guru Besar",tba2047@moe.edu.my,"SEKOLAH KEBANGSAAN RANTAU PETRONAS",TBA2047,0/103
"Guru Besar",tba2037@moe.edu.my,"SEKOLAH KEBANGSAAN SERI BANDI",TBA2037,0/0
"Guru Besar",tba2054@moe.edu.my,"SEKOLAH KEBANGSAAN SERI BANDI 2",TBA2054,0/0
"Guru Besar",tba2055@moe.edu.my,"SEKOLAH KEBANGSAAN SERI GELUGOR",TBA2055,0/0
Pengetua,teb2025@moe.edu.my,"SEKOLAH MENENGAH KEBANGSAAN SULTAN ISMAIL",TEB2025,0/76
Pengetua,tea2027@moe.edu.my,"SEKOLAH MENENGAH KEBANGSAAN SULTAN ISMAIL 2",TEA2027,11/317
Pengetua,tea2024@moe.edu.my,"SEKOLAH MENENGAH KEBANGSAAN AYER PUTEH",TEA2024,0/0
Pengetua,tea2021@moe.edu.my,"SEKOLAH MENENGAH KEBANGSAAN CHENEH BARU",TEA2021,0/0
Pengetua,tea2037@moe.edu.my,"SEKOLAH MENENGAH KEBANGSAAN CHERUL",TEA2037,0/0
Pengetua,tea2030@moe.edu.my,"SEKOLAH MENENGAH KEBANGSAAN FELDA NERAM",TEA2030,0/0
Pengetua,tea2038@moe.edu.my,"SEKOLAH MENENGAH KEBANGSAAN SERI CHENEH",TEA2038,0/81
Pengetua,tea2023@moe.edu.my,"SEKOLAH MENENGAH KEBANGSAAN BADRUL ALAM SHAH",TEA2023,66/81
"Guru Besar",tba7027@moe.edu.my,"SK IPG KAMPUS DATO' RAZALI ISMAIL",TBA7027,0/0
"Guru Besar",tba7006@moe.edu.my,"SEKOLAH KEBANGSAAN BATU RAKIT",TBA7006,0/0
"Guru Besar",tba7009@moe.edu.my,"SEKOLAH KEBANGSAAN BUKIT CHEMPAKA",TBA7009,0/0
"Guru Besar",tba7010@moe.edu.my,"SEKOLAH KEBANGSAAN BUKIT WAN",TBA7010,0/0
"Guru Besar",tba7001@moe.edu.my,"SEKOLAH KEBANGSAAN DARAT BATU RAKIT",TBA7001,0/0
"Guru Besar",tba7019@moe.edu.my,"SEKOLAH KEBANGSAAN KOMPLEKS MENGABANG TELIPOT",TBA7019,0/0
"Guru Besar",tba7007@moe.edu.my,"SEKOLAH KEBANGSAAN MARAS",TBA7007,0/0
"Guru Besar",tba7004@moe.edu.my,"SEKOLAH KEBANGSAAN MENGABANG TELIPOT",TBA7004,0/0
"Guru Besar",tba7028@moe.edu.my,"SEKOLAH KEBANGSAAN PADANG KEMUNTING",TBA7028,0/0
"Guru Besar",tba7008@moe.edu.my,"SEKOLAH KEBANGSAAN PAGAR BESI",TBA7008,0/0
"Guru Besar",tba7012@moe.edu.my,"SEKOLAH KEBANGSAAN PECHAH ROTAN",TBA7012,0/0
"Guru Besar",tba7016@moe.edu.my,"SEKOLAH KEBANGSAAN PULAU REDANG",TBA7016,0/0
"Guru Besar",tba7024@moe.edu.my,"SEKOLAH KEBANGSAAN TANJUNG GELAM",TBA7024,0/0
Pengetua,tea2034@moe.edu.my,"SEKOLAH MENENGAH KEBANGSAAN KAMPUNG BARU KERTEH",TEA2034,75/80
Pengetua,tea2019@moe.edu.my,"SEKOLAH MENENGAH KEBANGSAAN KERTEH",TEA2019,8/80
Pengetua,tea2026@moe.edu.my,"SEKOLAH MENENGAH KEBANGSAAN KIJAL",TEA2026,0/0
Pengetua,tea2029@moe.edu.my,"SEKOLAH MENENGAH KEBANGSAAN RANTAU PETRONAS",TEA2029,0/27
Pengetua,tea2031@moe.edu.my,"SEKOLAH MENENGAH KEBANGSAAN RASAU KERTEH B5",TEA2031,0/0
"Guru Besar",tba7020@moe.edu.my,"SEKOLAH KEBANGSAAN GONG BADAK",TBA7020,0/0
"Guru Besar",tba7022@moe.edu.my,"SEKOLAH KEBANGSAAN KOMPLEKS GONG BADAK",TBA7022,0/0
"Guru Besar",tba7013@moe.edu.my,"SEKOLAH KEBANGSAAN TOK JEMBAL",TBA7013,0/0
Pengetua,tha7001@moe.edu.my,"KOLEJ VOKASIONAL WAKAF TEMBESU",THA7001,0/0
"Guru Besar",tba7029@moe.edu.my,"SEKOLAH KEBANGSAAN KOMPLEKS TEMBESU",TBA7029,0/0
Pengetua,tea7009@moe.edu.my,"SEKOLAH MENENGAH KEBANGSAAN BATU RAKIT",TEA7009,0/0
Pengetua,tea7006@moe.edu.my,"SMK KOMPLEKS GONG BADAK",TEA7006,0/0
"Guru Besar",tba7005@moe.edu.my,"SEKOLAH KEBANGSAAN BUKIT GUNTONG",TBA7005,0/0
"Guru Besar",tba7011@moe.edu.my,"SEKOLAH KEBANGSAAN BUKIT NANAS",TBA7011,0/0
"Guru Besar",tba7018@moe.edu.my,"SEKOLAH KEBANGSAAN BUKIT TOK BENG",TBA7018,0/0
"Guru Besar",tba7015@moe.edu.my,"SEKOLAH KEBANGSAAN KAMPUNG GEMUROH",TBA7015,0/0
"Guru Besar",tba7026@moe.edu.my,"SEKOLAH KEBANGSAAN KOMPLEKS SEBERANG TAKIR",TBA7026,0/0
"Guru Besar",tba7017@moe.edu.my,"SEKOLAH KEBANGSAAN LKTP BELARA",TBA7017,0/0
"Guru Besar",tba7025@moe.edu.my,"SEKOLAH KEBANGSAAN PADANG AIR",TBA7025,0/0
"Guru Besar",tba7003@moe.edu.my,"SEKOLAH KEBANGSAAN SEBERANG TAKIR",TBA7003,0/0
"Guru Besar",tba7021@moe.edu.my,"SEKOLAH KEBANGSAAN TELUK KETAPANG",TBA7021,0/0
"Guru Besar",tba7014@moe.edu.my,"SEKOLAH KEBANGSAAN TOK JIRING",TBA7014,0/0
Pengetua,tea7005@moe.edu.my,"SEKOLAH MENENGAH KEBANGSAAN KOMPLEKS MENGABANG TELIPOT",TEA7005,0/0
Pengetua,tea7008@moe.edu.my,"SMK PADANG KEMUNTING",TEA7008,0/0
Pengetua,tea7002@moe.edu.my,"SMK TENGKU MIZAN ZAINAL ABIDIN",TEA7002,0/0
Pengetua,tea7010@moe.edu.my,"SMK KOMPLEKS TEMBESU",TEA7010,0/0
"Guru Besar",tba7023@moe.edu.my,"SEKOLAH KEBANGSAAN BUKIT TUMBUH",TBA7023,0/0
"Guru Besar",tba7002@moe.edu.my,"SEKOLAH KEBANGSAAN BUKIT TUNGGAL",TBA7002,0/0
Pengetua,tea7001@moe.edu.my,"SEKOLAH MENENGAH KEBANGSAAN IBRAHIM FIKRI",TEA7001,0/0
Pengetua,tea7007@moe.edu.my,"SMK KOMPLEKS SEBERANG TAKIR",TEA7007,0/0
"Guru Besar",tba3061@moe.edu.my,"SK BANGGOL PERADONG",TBA3061,0/0
"Guru Besar",tba3064@moe.edu.my,"SK BELADAU KOLAM",TBA3064,0/0
"Guru Besar",tba3062@moe.edu.my,"SK BUKIT PETITI",TBA3062,0/0
"Guru Besar",tba3085@moe.edu.my,"SK DURIAN MAS",TBA3085,0/40
"Guru Besar",tba3060@moe.edu.my,"SK KAMPONG TENGAH",TBA3060,0/0
"Guru Besar",tba3077@moe.edu.my,"SK KEBOR AYER",TBA3077,0/0
"Guru Besar",tba3065@moe.edu.my,"SK KESOM",TBA3065,0/40
"Guru Besar",tba3021@moe.edu.my,"SK MANIR",TBA3021,0/0
"Guru Besar",tba3079@moe.edu.my,"SK PULAU BAHAGIA",TBA3079,20/40
"Guru Besar",tba3066@moe.edu.my,"SK PULAU MANIS",TBA3066,0/0
"Guru Besar",tba3022@moe.edu.my,"SK TELOK PASU",TBA3022,0/0
"Guru Besar",tba3099@moe.edu.my,"SK TELUK MENARA",TBA3099,0/0
Pengetua,tea7003@moe.edu.my,"SMK BUKIT GUNTONG",TEA7003,0/0
Pengetua,tea7004@moe.edu.my,"SEKOLAH MENENGAH KEBANGSAAN BUKIT TUNGGAL",TEA7004,0/0
Pengetua,tea3110@moe.edu.my,"SMK BELARA",TEA3110,0/0
"Guru Besar",tba3094@moe.edu.my,"SK BUKIT LOSONG",TBA3094,0/0
"Guru Besar",tba3017@moe.edu.my,"SK LOSONG",TBA3017,0/0
"Guru Besar",tba3019@moe.edu.my,"SK PALOH",TBA3019,0/0
"Guru Besar",tba3016@moe.edu.my,"SK PULAU RUSA",TBA3016,0/0
Pengetua,tea3128@moe.edu.my,"SMK DATO HAJI MOHD SAID",TEA3128,0/0
Pengetua,tea3088@moe.edu.my,"SMK MANIR",TEA3088,0/0
"Guru Besar",tbc3094@moe.edu.my,"SJK (C) CHUNG HWA WEI SIN",TBC3094,0/0
"Guru Besar",tba3095@moe.edu.my,"SK BUKIT BAYAS",TBA3095,0/0
"Guru Besar",tba3011@moe.edu.my,"SK CHENDERING",TBA3011,0/0
"Guru Besar",tba3014@moe.edu.my,"SK GONG TOK NASEK",TBA3014,0/0
"Guru Besar",tba3037@moe.edu.my,"SK KAMPONG BUKIT CHENDERING",TBA3037,27/44
"Guru Besar",tba3092@moe.edu.my,"SK PADANG HILIRAN",TBA3092,0/0
"Guru Besar",tba3004@moe.edu.my,"SK PUSAT BUKIT BESAR",TBA3004,0/0
"Guru Besar",tba3005@moe.edu.my,"SK PUSAT KUALA IBAI",TBA3005,0/0
"Guru Besar",tba3086@moe.edu.my,"SK SERI BUDIMAN",TBA3086,0/0
Pengetua,tea3112@moe.edu.my,"SMK SULTAN AHMAD",TEA3112,0/0
Pengetua,tea3130@moe.edu.my,"SMK TENGKU MUHAMMAD ISMAIL",TEA3130,0/0
Pengetua,tea3119@moe.edu.my,"SMK BUKIT BESAR",TEA3119,0/0
Pengetua,tea3120@moe.edu.my,"SMK DATO RAZALI ISMAIL",TEA3120,16/29
Pengetua,tea3125@moe.edu.my,"SMK PADANG NEGARA",TEA3125,0/0
Pengetua,tea3081@moe.edu.my,"SMK MEGAT PANJI ALAM",TEA3081,0/0
Pengetua,tea3085@moe.edu.my,"SMK SERI BUDIMAN",TEA3085,26/66
Pengetua,teb3091@moe.edu.my,"SMK SULTAN SULAIMAN",TEB3091,27/61
Pengetua,teb3092@moe.edu.my,"SMK TENGKU BARIAH",TEB3092,0/0
"Guru Besar",tba3018@moe.edu.my,"SK PUSAT CHABANG TIGA",TBA3018,0/0
Pengetua,tea3118@moe.edu.my,"SMK SULTAN MANSOR",TEA3118,18/106
Pengetua,tea3117@moe.edu.my,"SMK CHENDERING",TEA3117,0/0
"Guru Besar",tba3090@moe.edu.my,"SK KUBANG IKAN",TBA3090,0/0
Pengetua,teb3093@moe.edu.my,"SMK CHUNG HWA WEI SIN",TEB3093,0/0
"Guru Besar",tba3102@moe.edu.my,"SK KEDAI BULOH",TBA3102,0/0
Pengetua,tea3083@moe.edu.my,"SMK PADANG MIDIN",TEA3083,5/95
Pengetua,tea3123@moe.edu.my,"SMK SERI NILAM",TEA3123,0/0
"Guru Besar",tba3029@moe.edu.my,"SK BANGGOL KATONG",TBA3029,23/40
"Guru Besar",tba3089@moe.edu.my,"SK DURIAN BURUNG",TBA3089,0/0
"Guru Besar",tba3001@moe.edu.my,"SK TENGKU AMPUAN MARIAM",TBA3001,0/63
"Guru Besar",tba3010@moe.edu.my,"SK DUYONG",TBA3010,0/0
"Guru Besar",tba3025@moe.edu.my,"SK GELUGOR",TBA3025,0/0
"Guru Besar",tba3007@moe.edu.my,"SK LADANG",TBA3007,0/0
Pengetua,tea4013@moe.edu.my,"SEKOLAH MENENGAH KEBANGSAAN BUKIT SAWA",TEA4013,0/0
"Guru Besar",tba3027@moe.edu.my,"SK KAMPUNG BAHARU SERADA",TBA3027,0/0
Pengetua,tea4015@moe.edu.my,"SEKOLAH MENENGAH KEBANGSAAN PENGKALAN BERANGAN",TEA4015,34/41
Pengetua,tea4020@moe.edu.my,"SEKOLAH MENENGAH KEBANGSAAN SERI PAYONG",TEA4020,0/0
"Guru Besar",tba3008@moe.edu.my,"SK GONG KAPAS",TBA3008,0/0
"Guru Besar",tba3026@moe.edu.my,"SK KEPONG",TBA3026,0/0
Pengetua,tea4012@moe.edu.my,"SEKOLAH MENENGAH KEBANGSAAN TUN TELANAI",TEA4012,0/0
Pengetua,tea4018@moe.edu.my,"SEKOLAH MENENGAH KEBANGSAAN WAKAF TAPAI",TEA4018,0/0
"Guru Besar",tba3003@moe.edu.my,"SK PAYA BUNGA",TBA3003,0/0
"Guru Besar",tba3032@moe.edu.my,"SK PADANG MIDIN",TBA3032,0/0
"Guru Besar",tba3020@moe.edu.my,"SK RENGAS BEKAH",TBA3020,0/0
"Guru Besar",tba3028@moe.edu.my,"SK SERADA",TBA3028,0/29
"Guru Besar",tba3015@moe.edu.my,"SK SERI NILAM",TBA3015,0/0
"Guru Besar",tba3041@moe.edu.my,"SK TOK DIR",TBA3041,0/0
"Guru Besar",tba3038@moe.edu.my,"SK UNDANG",TBA3038,0/0
"Guru Besar",tba3023@moe.edu.my,"SK WAKAF MEMPELAM",TBA3023,0/0
Pengetua,tea4019@moe.edu.my,"SEKOLAH MENENGAH KEBANGSAAN DATUK AWANG JABAR",TEA4019,0/76
Pengetua,tea4011@moe.edu.my,"SEKOLAH MENENGAH KEBANGSAAN MERCHANG",TEA4011,0/35
"Guru Besar",tbc4014@moe.edu.my,"SEKOLAH JENIS KEBANGSAAN (CINA) CHONG HWA",TBC4014,0/0
"Guru Besar",tba4011@moe.edu.my,"SEKOLAH KEBANGSAAN BUKIT JEJULONG",TBA4011,0/23
"Guru Besar",tba4016@moe.edu.my,"SEKOLAH KEBANGSAAN BUKIT PAYONG",TBA4016,0/0
"Guru Besar",tba4014@moe.edu.my,"SEKOLAH KEBANGSAAN BUKIT SAWA",TBA4014,0/0
"Guru Besar",tba4017@moe.edu.my,"SEKOLAH KEBANGSAAN GONDANG",TBA4017,20/38
"Guru Besar",tba4018@moe.edu.my,"SEKOLAH KEBANGSAAN JERONG",TBA4018,0/61
"Guru Besar",tba4013@moe.edu.my,"SEKOLAH KEBANGSAAN KUBU",TBA4013,0/0
"Guru Besar",tba4024@moe.edu.my,"SEKOLAH KEBANGSAAN PADANG MENGKUANG",TBA4024,0/0
"Guru Besar",tba4025@moe.edu.my,"SEKOLAH KEBANGSAAN PAYA RESAK",TBA4025,0/0
"Guru Besar",tba4010@moe.edu.my,"SEKOLAH KEBANGSAAN PENGKALAN BERANGAN",TBA4010,19/40
"Guru Besar",tba4019@moe.edu.my,"SEKOLAH KEBANGSAAN SIMPANG RAWAI",TBA4019,32/33
"Guru Besar",tba4020@moe.edu.my,"SEKOLAH KEBANGSAAN TASEK",TBA4020,0/0
"Guru Besar",tba4015@moe.edu.my,"SEKOLAH KEBANGSAAN WAKAF TAPAI",TBA4015,0/0
Pengetua,tea4017@moe.edu.my,"SEKOLAH MENENGAH KEBANGSAAN SEBERANG MARANG",TEA4017,0/0
Pengetua,tea4014@moe.edu.my,"SEKOLAH MENENGAH KEBANGSAAN TENGKU LELA SEGARA",TEA4014,0/0
Pengetua,tea6089@moe.edu.my,"SEKOLAH MENENGAH KEBANGSAAN BUKIT NENAS",TEA6089,0/0
Pengetua,tea6088@moe.edu.my,"SEKOLAH MENENGAH KEBANGSAAN LANGKAP",TEA6088,0/0
Pengetua,tea6086@moe.edu.my,"SEKOLAH MENENGAH KEBANGSAAN LEMBAH BIDONG",TEA6086,0/0
Pengetua,tea6084@moe.edu.my,"SEKOLAH MENENGAH KEBANGSAAN PELONG",TEA6084,0/0
"Guru Besar",tba4009@moe.edu.my,"SEKOLAH KEBANGSAAN BATANGAN",TBA4009,11/26
"Guru Besar",tba4005@moe.edu.my,"SEKOLAH KEBANGSAAN GONG BALAI",TBA4005,0/41
"Guru Besar",tba4028@moe.edu.my,"SEKOLAH KEBANGSAAN GONG NANGKA",TBA4028,0/0
"Guru Besar",tba4007@moe.edu.my,"SEKOLAH KEBANGSAAN JAMBU BONGKOK",TBA4007,0/0
"Guru Besar",tba4012@moe.edu.my,"SEKOLAH KEBANGSAAN JENANG",TBA4012,0/0
"Guru Besar",tba4023@moe.edu.my,"SEKOLAH KEBANGSAAN KELULUT",TBA4023,0/0
"Guru Besar",tba4001@moe.edu.my,"SEKOLAH KEBANGSAAN MARANG",TBA4001,0/0
"Guru Besar",tba4026@moe.edu.my,"SEKOLAH KEBANGSAAN MEDAN JAYA",TBA4026,0/0
"Guru Besar",tba4004@moe.edu.my,"SEKOLAH KEBANGSAAN MERCHANG",TBA4004,1/20
"Guru Besar",tba4006@moe.edu.my,"SEKOLAH KEBANGSAAN PASIR PUTEH",TBA4006,0/0
"Guru Besar",tba4003@moe.edu.my,"SEKOLAH KEBANGSAAN PULAU KERENGGA",TBA4003,0/0
"Guru Besar",tba4022@moe.edu.my,"SEKOLAH KEBANGSAAN RU RENDANG",TBA4022,0/0
"Guru Besar",tba4021@moe.edu.my,"SEKOLAH KEBANGSAAN RUSILA",TBA4021,0/0
"Guru Besar",tba4002@moe.edu.my,"SEKOLAH KEBANGSAAN SEBERANG MARANG",TBA4002,0/0
"Guru Besar",tba4008@moe.edu.my,"SEKOLAH KEBANGSAAN SENTOL PATAH",TBA4008,0/41
Pengetua,tea6080@moe.edu.my,"SEKOLAH MENENGAH KEBANGSAAN SUNGAI TONG",TEA6080,0/0
Pengetua,tea6085@moe.edu.my,"SEKOLAH MENENGAH KEBANGSAAN GUNTONG",TEA6085,0/40
Pengetua,tea6081@moe.edu.my,"SEKOLAH MENENGAH KEBANGSAAN PENAREK",TEA6081,0/0
Pengetua,tea6082@moe.edu.my,"SEKOLAH MENENGAH KEBANGSAAN SAUJANA",TEA6082,50/53
Pengetua,tea6057@moe.edu.my,"SEKOLAH MENENGAH KEBANGSAAN TENGKU IBRAHIM",TEA6057,0/0
"Guru Besar",tba6066@moe.edu.my,"SEKOLAH KEBANGSAAN (FELDA) CHALOK BARAT",TBA6066,0/0
"Guru Besar",tba6092@moe.edu.my,"SEKOLAH KEBANGSAAN ALUR LEK KASAR",TBA6092,0/0
"Guru Besar",tba6116@moe.edu.my,"SEKOLAH KEBANGSAAN BARI ( SG TONG)",TBA6116,0/0
"Guru Besar",tba6069@moe.edu.my,"SEKOLAH KEBANGSAAN BATU 29",TBA6069,0/0
"Guru Besar",tba6042@moe.edu.my,"SEKOLAH KEBANGSAAN BUKIT PUTERA",TBA6042,0/0
"Guru Besar",tba6041@moe.edu.my,"SEKOLAH KEBANGSAAN CHALOK",TBA6041,0/0
"Guru Besar",tba6117@moe.edu.my,"SEKOLAH KEBANGSAAN JELAPANG",TBA6117,0/0
"Guru Besar",tba6113@moe.edu.my,"SEKOLAH KEBANGSAAN KAMPONG JAYA",TBA6113,0/0
"Guru Besar",tba6115@moe.edu.my,"SEKOLAH KEBANGSAAN KAMPONG TAYOR",TBA6115,0/0
"Guru Besar",tba6082@moe.edu.my,"SEKOLAH KEBANGSAAN KAMPUNG FIKRI SUNGAI TONG",TBA6082,0/0
"Guru Besar",tba6075@moe.edu.my,"SEKOLAH KEBANGSAAN KG BUKIT ULU NERUS",TBA6075,0/0
"Guru Besar",tba6070@moe.edu.my,"SEKOLAH KEBANGSAAN LANGKAP",TBA6070,0/0
"Guru Besar",tba6090@moe.edu.my,"SEKOLAH KEBANGSAAN LEMBAH BIDONG",TBA6090,0/0
"Guru Besar",tba6006@moe.edu.my,"SEKOLAH KEBANGSAAN LUBOK TERAS",TBA6006,0/0
"Guru Besar",tba6073@moe.edu.my,"SEKOLAH KEBANGSAAN MERBAU MENYUSUT",TBA6073,0/0
"Guru Besar",tba6080@moe.edu.my,"SEKOLAH KEBANGSAAN PAK BA",TBA6080,0/0
"Guru Besar",tba6114@moe.edu.my,"SEKOLAH KEBANGSAAN PAYONG BARU",TBA6114,0/0
"Guru Besar",tba6071@moe.edu.my,"SEKOLAH KEBANGSAAN PELONG",TBA6071,0/0
"Guru Besar",tba6119@moe.edu.my,"SEKOLAH KEBANGSAAN SERI LANGKAP",TBA6119,0/0
"Guru Besar",tba6089@moe.edu.my,"SEKOLAH KEBANGSAAN SUNGAI LEREK",TBA6089,0/0
"Guru Besar",tba6068@moe.edu.my,"SEKOLAH KEBANGSAAN SUNGAI TONG",TBA6068,0/0
Pengetua,tra0001@moe.edu.my,"SEKOLAH MENENGAH KEBANGSAAN AGAMA NURUL ITTIFAQ",TRA0001,0/0
Pengetua,tra0002@moe.edu.my,"SEKOLAH MENENGAH KEBANGSAAN AGAMA WATANIAH",TRA0002,0/0
Pengetua,tra1001@moe.edu.my,"SEKOLAH MENENGAH KEBANGSAAN (AGAMA) KUALA ABANG",TRA1001,0/0
Pengetua,tra7001@moe.edu.my,"SMKA DATO’ HAJI ABBAS",TRA7001,0/0
Pengetua,tra3002@moe.edu.my,"SMKA SHEIKH ABDUL MALEK",TRA3002,0/0
Pengetua,tra4016@moe.edu.my,"SEKOLAH MENENGAH KEBANGSAAN (AGAMA) DURIAN GULING",TRA4016,102/360
"Guru Besar",tbb0061@moe.edu.my,"SEKOLAH KEBANGSAAN TENGKU MAHMUD",TBB0061,0/0
"Guru Besar",tba6086@moe.edu.my,"SEKOLAH KEBANGSAAN BANGGOL",TBA6086,0/0
"Guru Besar",tba6021@moe.edu.my,"SEKOLAH KEBANGSAAN BARI",TBA6021,0/0
"Guru Besar",tba6034@moe.edu.my,"SEKOLAH KEBANGSAAN BINTANG",TBA6034,0/0
"Guru Besar",tba6035@moe.edu.my,"SEKOLAH KEBANGSAAN GUNTONG",TBA6035,0/0
"Guru Besar",tba6056@moe.edu.my,"SEKOLAH KEBANGSAAN GUNTONG LUAR",TBA6056,0/0
"Guru Besar",tba6037@moe.edu.my,"SEKOLAH KEBANGSAAN KAMPONG BESUT",TBA6037,0/0
"Guru Besar",tba6036@moe.edu.my,"SEKOLAH KEBANGSAAN KAMPUNG BULOH",TBA6036,0/0
"Guru Besar",tba6009@moe.edu.my,"SEKOLAH KEBANGSAAN KAMPUNG FIKRI",TBA6009,0/0
"Guru Besar",tba6040@moe.edu.my,"SEKOLAH KEBANGSAAN KG. RAHMAT",TBA6040,0/0
"Guru Besar",tba6010@moe.edu.my,"SEKOLAH KEBANGSAAN KUALA SETIU",TBA6010,0/0
"Guru Besar",tba6091@moe.edu.my,"SEKOLAH KEBANGSAAN LEMBAH JAYA",TBA6091,0/0
"Guru Besar",tba6016@moe.edu.my,"SEKOLAH KEBANGSAAN MANGKOK",TBA6016,0/0
"Guru Besar",tba6058@moe.edu.my,"SEKOLAH KEBANGSAAN MERANG",TBA6058,0/0
"Guru Besar",tba6011@moe.edu.my,"SEKOLAH KEBANGSAAN PENAREK",TBA6011,0/0
"Guru Besar",tba6088@moe.edu.my,"SEKOLAH KEBANGSAAN PERMAISURI",TBA6088,0/0
"Guru Besar",tba6038@moe.edu.my,"SEKOLAH KEBANGSAAN PUTERA JAYA",TBA6038,0/0
"Guru Besar",tba6118@moe.edu.my,"SEKOLAH KEBANGSAAN SAUJANA",TBA6118,0/0
"Guru Besar",tba6020@moe.edu.my,"SEKOLAH KEBANGSAAN TELAGA PAPAN",TBA6020,0/0
"Guru Besar",tbb1030@moe.edu.my,"SEKOLAH KEBANGSAAN SULTAN OMAR",TBB1030,0/0
"Guru Besar",tbb5038@moe.edu.my,"SEKOLAH KEBANGSAAN TENGKU AMPUAN INTAN",TBB5038,37/40
"Guru Besar",tbb2024@moe.edu.my,"SEKOLAH KEBANGSAAN SULTAN ISMAIL",TBB2024,0/0
"Guru Besar",tbb3090@moe.edu.my,"SK TENGKU BARIAH",TBB3090,0/0
"Guru Besar",tbb3088@moe.edu.my,"SK SULTAN SULAIMAN 1",TBB3088,0/0
"Guru Besar",tbb3089@moe.edu.my,"SK SULTAN SULAIMAN 2",TBB3089,0/0
Pengetua,tea2041@moe.edu.my,"SMK PERMAI",TEA2041,24/44
Pengetua,tft6002@moe.edu.my,"SM IMTIAZ YT SETIU",TFT6002,0/0